experiment,morphology,resolution,crystalline_like_fraction_target,placement_mode,d_mobile,d_crystal,d_matrix,seed_count,crystalline_like_fraction_actual_transport_phase_mean,crystalline_like_fraction_actual_transport_phase_std,d_eff_mean_x,d_eff_std_x,d_eff_normalized_mean_x,d_eff_normalized_std_x,max_flux_error_x,d_eff_mean_y,d_eff_std_y,d_eff_normalized_mean_y,d_eff_normalized_std_y,max_flux_error_y,d_eff_mean_z,d_eff_std_z,d_eff_normalized_mean_z,d_eff_normalized_std_z,max_flux_error_z,percolates_x,percolates_y,percolates_z,components,largest_component_fraction
grid_baseline,cylinders,16,0.0,random,1.0,0.1,0.001,1,0.0,0.0,0.0027774099336321263,0.0,1.0,0.0,1.1312278451922374e-10,0.002603998999445278,0.0,1.0,0.0,8.50616054241142e-11,0.40017111196787913,0.0,1.0,0.0,2.6171915407976887e-10,False,False,True,4,0.2576312576312576
grid_baseline,cylinders,24,0.0,random,1.0,0.1,0.001,1,0.0,0.0,0.002466537703986721,0.0,1.0,0.0,1.8449572934108118e-11,0.002468871096068373,0.0,1.0,0.0,5.7858051047424255e-11,0.40054982838333064,0.0,1.0,0.0,9.077334795369157e-12,False,False,True,4,0.2560578661844485
grid_baseline,cylinders,32,0.0,random,1.0,0.1,0.001,1,0.0,0.0,0.002370773280040572,0.0,1.0,0.0,1.539471021349382e-10,0.002355486977378556,0.0,1.0,0.0,5.760300638137649e-11,0.40056110572471537,0.0,1.0,0.0,3.6438613106597287e-10,False,False,True,4,0.2553597314412146
grid_baseline,gyroid_level_set,16,0.0,random,1.0,0.1,0.001,1,0.0,0.0,0.22594840432527416,0.0,1.0,0.0,4.0180272127795653e-10,0.2259484043553433,0.0,1.0,0.0,1.8804298808404064e-10,0.22594840437157887,0.0,1.0,0.0,1.5138104714346262e-11,True,True,True,1,1.0
grid_baseline,gyroid_level_set,24,0.0,random,1.0,0.1,0.001,1,0.0,0.0,0.23771798068251387,0.0,1.0,0.0,2.2641057053419117e-10,0.2378397623940503,0.0,1.0,0.0,3.5459663161127177e-09,0.23759208450823194,0.0,1.0,0.0,4.031235632370648e-09,True,True,True,1,1.0
grid_baseline,gyroid_level_set,32,0.0,random,1.0,0.1,0.001,1,0.0,0.0,0.24188575522900438,0.0,1.0,0.0,5.262397558487509e-10,0.24184636862066533,0.0,1.0,0.0,2.338880473401856e-10,0.2418487749794467,0.0,1.0,0.0,9.531050133615779e-11,True,True,True,1,1.0
grid_baseline,lamellae,16,0.0,random,1.0,0.1,0.001,1,0.0,0.0,0.0016868634761104395,0.0,1.0,0.0,3.707898692944552e-08,0.39347049172541093,0.0,1.0,0.0,1.0418538574791106e-11,0.40025307822974265,0.0,1.0,0.0,1.517537688100412e-10,False,True,True,1,1.0
grid_baseline,lamellae,24,0.0,random,1.0,0.1,0.001,1,0.0,0.0,0.0016758812140249362,0.0,1.0,0.0,2.496692825012469e-08,0.3970855407091241,0.0,1.0,0.0,8.177484548346625e-11,0.4005545841485173,0.0,1.0,0.0,2.3084336655808133e-10,False,True,True,1,1.0
grid_baseline,lamellae,32,0.0,random,1.0,0.1,0.001,1,0.0,0.0,0.0016706799328399177,0.0,1.0,0.0,1.423799894206956e-07,0.3986573114637915,0.0,1.0,0.0,1.5033227381564473e-10,0.40056248202357025,0.0,1.0,0.0,1.0165839257522094e-10,False,True,True,1,1.0
grid_moderate_random,cylinders,16,0.2,random,1.0,0.1,0.001,1,0.20024420024420025,0.0,0.0027703212685036838,0.0,0.9974477425738979,0.0,2.704320649322651e-11,0.002593395053294042,0.0,0.9959278224939814,0.0,2.6546992084200573e-11,0.2558539224223535,0.0,0.6393613001302562,0.0,8.026845820472346e-10,False,False,True,4,0.2576312576312576
grid_moderate_random,cylinders,24,0.2,random,1.0,0.1,0.001,1,0.2,0.0,0.0024622614040353172,0.0,0.9982662742416255,0.0,2.678280696392987e-11,0.0024642069490195895,0.0,0.9981108179134135,0.0,4.380605284943415e-11,0.25713694321273245,0.0,0.6419599385438995,0.0,2.7382397906453037e-10,False,False,True,4,0.2560578661844485
grid_moderate_random,cylinders,32,0.2,random,1.0,0.1,0.001,1,0.19996948195620662,0.0,0.00236737809002534,0.0,0.9985678976375278,0.0,9.929357728118416e-11,0.0023522044028972946,0.0,0.9986064136576486,0.0,3.581557132595326e-11,0.2585829853755888,0.0,0.6455519062634587,0.0,4.568913435226699e-10,False,False,True,4,0.2553597314412146
grid_moderate_random,gyroid_level_set,16,0.2,random,1.0,0.1,0.001,1,0.20024420024420025,0.0,0.1400313722505987,0.0,0.6197493302453699,0.0,1.732792761783608e-10,0.14721523693676505,0.0,0.6515436006586858,0.0,1.9539052907979165e-10,0.15033466674289744,0.0,0.6653495392499768,0.0,4.302876105092543e-12,True,True,True,1,1.0
grid_moderate_random,gyroid_level_set,24,0.2,random,1.0,0.1,0.001,1,0.2,0.0,0.1529589995956257,0.0,0.6434473284539267,0.0,3.5535829596457496e-10,0.15402773528389396,0.0,0.6476113738656638,0.0,1.1921300857690577e-09,0.1531826464077992,0.0,0.6447295865300252,0.0,8.132915830267465e-10,True,True,True,1,1.0
grid_moderate_random,gyroid_level_set,32,0.2,random,1.0,0.1,0.001,1,0.19996948195620662,0.0,0.15599302340726456,0.0,0.6449037201863284,0.0,1.1633748480683864e-09,0.15830259751912307,0.0,0.6545585051451395,0.0,3.803847110050187e-10,0.15646647229789054,0.0,0.6469599538438336,0.0,8.329858307351547e-11,True,True,True,1,1.0
grid_moderate_random,lamellae,16,0.2,random,1.0,0.1,0.001,1,0.20024420024420025,0.0,0.0016860695647850864,0.0,0.999529356503003,0.0,3.4176255591388113e-08,0.25814041571222335,0.0,0.6560604191187236,0.0,6.309027651202334e-10,0.2626433995903855,0.0,0.6561933283611873,0.0,3.2001117708522335e-10,False,True,True,1,1.0
grid_moderate_random,lamellae,24,0.2,random,1.0,0.1,0.001,1,0.2,0.0,0.0016751905284563932,0.0,0.9995878672290358,0.0,9.019749050393499e-10,0.25973472541839293,0.0,0.6541027027943473,0.0,1.2695340078671608e-10,0.26099989406766827,0.0,0.651596322689681,0.0,2.1163443578782246e-10,False,True,True,1,1.0
grid_moderate_random,lamellae,32,0.2,random,1.0,0.1,0.001,1,0.19996948195620662,0.0,0.0016700297998576514,0.0,0.9996108572506996,0.0,8.07741920366024e-08,0.25993334209657387,0.0,0.6520220114417307,0.0,1.8879635185203365e-10,0.26083555826682364,0.0,0.6511732126012624,0.0,2.916304707428342e-10,False,True,True,1,1.0
grid_placement_comparison,gyroid_level_set,16,0.2,baseline-flux-ranked,1.0,0.1,0.001,1,0.20024420024420025,0.0,0.16135921246290247,0.0,0.7141418543970356,0.0,2.1649007414126241e-10,0.16135921245991822,0.0,0.7141418542887902,0.0,2.1765648141374704e-10,0.16135921249252713,0.0,0.7141418543817956,0.0,1.6851050195198854e-10,True,True,True,1,1.0
grid_placement_comparison,gyroid_level_set,16,0.2,interface,1.0,0.1,0.001,1,0.20024420024420025,0.0,0.1642993493806495,0.0,0.7271542805149666,0.0,1.546692755625229e-10,0.16614925793908691,0.0,0.7353415856736399,0.0,1.287042564309699e-10,0.16384705227484028,0.0,0.7251525087355294,0.0,3.471704784675735e-10,True,True,True,1,1.0
grid_placement_comparison,gyroid_level_set,16,0.2,low_criticality,1.0,0.1,0.001,1,0.20024420024420025,0.0,0.1604848703810111,0.0,0.7102722006833823,0.0,3.738720647699255e-10,0.1604848703679167,0.0,0.7102722005309063,0.0,2.3437616662637853e-10,0.16048487038653658,0.0,0.7102722005622772,0.0,3.085756303597533e-10,True,True,True,1,1.0
grid_placement_comparison,gyroid_level_set,16,0.2,random,1.0,0.1,0.001,1,0.20024420024420025,0.0,0.1400313722505987,0.0,0.6197493302453699,0.0,1.732792761783608e-10,0.14721523693676505,0.0,0.6515436006586858,0.0,1.9539052907979165e-10,0.15033466674289744,0.0,0.6653495392499768,0.0,4.302876105092543e-12,True,True,True,1,1.0
grid_placement_comparison,gyroid_level_set,24,0.2,baseline-flux-ranked,1.0,0.1,0.001,1,0.2,0.0,0.17442188361812852,0.0,0.7337344996678188,0.0,4.1691751754738313e-10,0.17434768128193623,0.0,0.7330468191146227,0.0,2.421373457563236e-10,0.17423639629320395,0.0,0.7333425970559516,0.0,2.989007094131871e-10,True,True,True,1,1.0
grid_placement_comparison,gyroid_level_set,24,0.2,interface,1.0,0.1,0.001,1,0.2,0.0,0.180875595276957,0.0,0.760883105087986,0.0,4.0388982746715906e-10,0.1806796313357945,0.0,0.7596695755037229,0.0,8.100089463545128e-10,0.18043500458346962,0.0,0.7594318849339361,0.0,1.6478260312801546e-10,True,True,True,1,1.0
grid_placement_comparison,gyroid_level_set,24,0.2,low_criticality,1.0,0.1,0.001,1,0.2,0.0,0.1700597759450778,0.0,0.7153845723273347,0.0,8.955689543878264e-11,0.17005842527566667,0.0,0.7150125932009457,0.0,3.178136681971507e-10,0.1703417559653219,0.0,0.7169504670910869,0.0,6.16201155538466e-11,True,True,True,1,1.0
grid_placement_comparison,gyroid_level_set,24,0.2,random,1.0,0.1,0.001,1,0.2,0.0,0.1529589995956257,0.0,0.6434473284539267,0.0,3.5535829596457496e-10,0.15402773528389396,0.0,0.6476113738656638,0.0,1.1921300857690577e-09,0.1531826464077992,0.0,0.6447295865300252,0.0,8.132915830267465e-10,True,True,True,1,1.0
grid_placement_comparison,gyroid_level_set,32,0.2,baseline-flux-ranked,1.0,0.1,0.001,1,0.19996948195620662,0.0,0.17278014936442376,0.0,0.7143047725189309,0.0,3.369804766188485e-10,0.17277809047581452,0.0,0.7144125895345403,0.0,7.584785620921814e-10,0.17280490604602883,0.0,0.7145163586655111,0.0,1.091580215817298e-09,True,True,True,1,1.0
grid_placement_comparison,gyroid_level_set,32,0.2,interface,1.0,0.1,0.001,1,0.19996948195620662,0.0,0.18777926067423878,0.0,0.7763138449242681,0.0,7.112213187612587e-10,0.1873301906272795,0.0,0.7745834336719186,0.0,1.2811186064082897e-10,0.18817286486807383,0.0,0.7780600289749887,0.0,5.871610957291725e-10,True,True,True,1,1.0
grid_placement_comparison,gyroid_level_set,32,0.2,low_criticality,1.0,0.1,0.001,1,0.19996948195620662,0.0,0.17731402924671322,0.0,0.7330486620795088,0.0,1.1369097574263929e-09,0.17721592749265605,0.0,0.7327624082320551,0.0,2.623917553123881e-10,0.17779926366341667,0.0,0.7351671046443249,0.0,1.7553429285792718e-10,True,True,True,1,1.0
grid_placement_comparison,gyroid_level_set,32,0.2,random,1.0,0.1,0.001,1,0.19996948195620662,0.0,0.15599302340726456,0.0,0.6449037201863284,0.0,1.1633748480683864e-09,0.15830259751912307,0.0,0.6545585051451395,0.0,3.803847110050187e-10,0.15646647229789054,0.0,0.6469599538438336,0.0,8.329858307351547e-11,True,True,True,1,1.0
